keyword,errors,total,error_rate
homeless,42,212,0.19811320754716982
poor-families,37,190,0.19473684210526315
hopeless,35,217,0.16129032258064516
refugee,16,188,0.0851063829787234
in-need,19,226,0.084070796460177
vulnerable,17,209,0.08133971291866028
disabled,15,194,0.07731958762886598
women,11,233,0.04721030042918455
immigrant,6,218,0.027522935779816515
migrant,3,207,0.014492753623188406
