ablation,test_f1_pcl
No Preprocessing,0.540045766590389
No Class Reweighting,0.5276595744680851
No Threshold Tuning,0.41471571906354515
Full System,0.540045766590389
